iter	MultiClass
0	2.002884466
1	1.814305312
2	1.664144465
3	1.543268565
4	1.437729492
